﻿<?xml version="1.0" encoding="UTF-8"?>
<aemps_prescripcion_unidad_dosis xmlns="http://schemas.aemps.es/prescripcion/aemps_prescripcion_unidad_dosis" xsi:schemaLocation="http://schemas.aemps.es/prescripcion/aemps_prescripcion_unidad_dosis http://schemas.aemps.es/prescripcion/aemps_prescripcion_unidad_dosis.xsd" xmlns:xsi="http://www.w3.org/2001/XMLSchema-instance">
  <unidadesdosis>
    <codigounidaddosis>2</codigounidaddosis>
    <unidaddosis>ng</unidaddosis>
  </unidadesdosis>
  <unidadesdosis>
    <codigounidaddosis>3</codigounidaddosis>
    <unidaddosis>µg</unidaddosis>
  </unidadesdosis>
  <unidadesdosis>
    <codigounidaddosis>4</codigounidaddosis>
    <unidaddosis>mg</unidaddosis>
  </unidadesdosis>
  <unidadesdosis>
    <codigounidaddosis>5</codigounidaddosis>
    <unidaddosis>g</unidaddosis>
  </unidadesdosis>
  <unidadesdosis>
    <codigounidaddosis>7</codigounidaddosis>
    <unidaddosis>ml</unidaddosis>
  </unidadesdosis>
  <unidadesdosis>
    <codigounidaddosis>8</codigounidaddosis>
    <unidaddosis>L</unidaddosis>
  </unidadesdosis>
  <unidadesdosis>
    <codigounidaddosis>9</codigounidaddosis>
    <unidaddosis>U</unidaddosis>
  </unidadesdosis>
  <unidadesdosis>
    <codigounidaddosis>10</codigounidaddosis>
    <unidaddosis>MILES U</unidaddosis>
  </unidadesdosis>
  <unidadesdosis>
    <codigounidaddosis>11</codigounidaddosis>
    <unidaddosis>UI</unidaddosis>
  </unidadesdosis>
  <unidadesdosis>
    <codigounidaddosis>12</codigounidaddosis>
    <unidaddosis>MILES UI</unidaddosis>
  </unidadesdosis>
  <unidadesdosis>
    <codigounidaddosis>13</codigounidaddosis>
    <unidaddosis>MILLONES UI</unidaddosis>
  </unidadesdosis>
  <unidadesdosis>
    <codigounidaddosis>18</codigounidaddosis>
    <unidaddosis>MILES MILLONES</unidaddosis>
  </unidadesdosis>
  <unidadesdosis>
    <codigounidaddosis>19</codigounidaddosis>
    <unidaddosis>CSP</unidaddosis>
  </unidadesdosis>
  <unidadesdosis>
    <codigounidaddosis>20</codigounidaddosis>
    <unidaddosis>MILLONES GERMENES</unidaddosis>
  </unidadesdosis>
  <unidadesdosis>
    <codigounidaddosis>25</codigounidaddosis>
    <unidaddosis>MILES U USP</unidaddosis>
  </unidadesdosis>
  <unidadesdosis>
    <codigounidaddosis>26</codigounidaddosis>
    <unidaddosis>U TUBERCULINICAS</unidaddosis>
  </unidadesdosis>
  <unidadesdosis>
    <codigounidaddosis>33</codigounidaddosis>
    <unidaddosis>MILES MILLONES GERMENES</unidaddosis>
  </unidadesdosis>
  <unidadesdosis>
    <codigounidaddosis>35</codigounidaddosis>
    <unidaddosis>U INHIBIDORAS CALICREINA</unidaddosis>
  </unidadesdosis>
  <unidadesdosis>
    <codigounidaddosis>51</codigounidaddosis>
    <unidaddosis>MILES DICT50 VIRUS</unidaddosis>
  </unidadesdosis>
  <unidadesdosis>
    <codigounidaddosis>58</codigounidaddosis>
    <unidaddosis>MCG DE CADA UNO DE LOS TIPOS</unidaddosis>
  </unidadesdosis>
  <unidadesdosis>
    <codigounidaddosis>60</codigounidaddosis>
    <unidaddosis>MCL</unidaddosis>
  </unidadesdosis>
  <unidadesdosis>
    <codigounidaddosis>61</codigounidaddosis>
    <unidaddosis>U FIP</unidaddosis>
  </unidadesdosis>
  <unidadesdosis>
    <codigounidaddosis>63</codigounidaddosis>
    <unidaddosis>U ELISA</unidaddosis>
  </unidadesdosis>
  <unidadesdosis>
    <codigounidaddosis>67</codigounidaddosis>
    <unidaddosis>MEGABECQUERELIO</unidaddosis>
  </unidadesdosis>
  <unidadesdosis>
    <codigounidaddosis>70</codigounidaddosis>
    <unidaddosis>MBq</unidaddosis>
  </unidadesdosis>
  <unidadesdosis>
    <codigounidaddosis>71</codigounidaddosis>
    <unidaddosis>MCMOL (MICROMOLES)</unidaddosis>
  </unidadesdosis>
  <unidadesdosis>
    <codigounidaddosis>74</codigounidaddosis>
    <unidaddosis>GIGABECQUERELIOS</unidaddosis>
  </unidadesdosis>
  <unidadesdosis>
    <codigounidaddosis>75</codigounidaddosis>
    <unidaddosis>U.D. (UNIDADES ANTIGENICAS D)</unidaddosis>
  </unidadesdosis>
  <unidadesdosis>
    <codigounidaddosis>76</codigounidaddosis>
    <unidaddosis>PPM</unidaddosis>
  </unidadesdosis>
  <unidadesdosis>
    <codigounidaddosis>78</codigounidaddosis>
    <unidaddosis>PORCENTAJE</unidaddosis>
  </unidadesdosis>
  <unidadesdosis>
    <codigounidaddosis>79</codigounidaddosis>
    <unidaddosis>P/P</unidaddosis>
  </unidadesdosis>
  <unidadesdosis>
    <codigounidaddosis>83</codigounidaddosis>
    <unidaddosis>U.F.C.</unidaddosis>
  </unidadesdosis>
  <unidadesdosis>
    <codigounidaddosis>88</codigounidaddosis>
    <unidaddosis>% P/P</unidaddosis>
  </unidadesdosis>
  <unidadesdosis>
    <codigounidaddosis>89</codigounidaddosis>
    <unidaddosis>% P/V</unidaddosis>
  </unidadesdosis>
  <unidadesdosis>
    <codigounidaddosis>92</codigounidaddosis>
    <unidaddosis>% M/M</unidaddosis>
  </unidadesdosis>
  <unidadesdosis>
    <codigounidaddosis>93</codigounidaddosis>
    <unidaddosis>% V/V</unidaddosis>
  </unidadesdosis>
  <unidadesdosis>
    <codigounidaddosis>95</codigounidaddosis>
    <unidaddosis>P/V</unidaddosis>
  </unidadesdosis>
  <unidadesdosis>
    <codigounidaddosis>98</codigounidaddosis>
    <unidaddosis>DOSIS VACUNAL</unidaddosis>
  </unidadesdosis>
  <unidadesdosis>
    <codigounidaddosis>99</codigounidaddosis>
    <unidaddosis>-</unidaddosis>
  </unidadesdosis>
  <unidadesdosis>
    <codigounidaddosis>142</codigounidaddosis>
    <unidaddosis>%</unidaddosis>
  </unidadesdosis>
  <unidadesdosis>
    <codigounidaddosis>144</codigounidaddosis>
    <unidaddosis>UL</unidaddosis>
  </unidadesdosis>
  <unidadesdosis>
    <codigounidaddosis>147</codigounidaddosis>
    <unidaddosis>DL50</unidaddosis>
  </unidadesdosis>
  <unidadesdosis>
    <codigounidaddosis>171</codigounidaddosis>
    <unidaddosis>IR</unidaddosis>
  </unidadesdosis>
  <unidadesdosis>
    <codigounidaddosis>185</codigounidaddosis>
    <unidaddosis>mg/ml</unidaddosis>
  </unidadesdosis>
  <unidadesdosis>
    <codigounidaddosis>186</codigounidaddosis>
    <unidaddosis>GBq</unidaddosis>
  </unidadesdosis>
  <unidadesdosis>
    <codigounidaddosis>190</codigounidaddosis>
    <unidaddosis>IP</unidaddosis>
  </unidadesdosis>
  <unidadesdosis>
    <codigounidaddosis>196</codigounidaddosis>
    <unidaddosis>mg/vial</unidaddosis>
  </unidadesdosis>
</aemps_prescripcion_unidad_dosis>